bob.smith@email.com,eve.miller@email.com
alice.smith@email.com,john.doe@email.com,kim.baker@email.com
john.doe@email.com,kim.baker@email.com
alice.smith@email.com,bob.smith@email.com,eve.miller@email.com
bob.smith@email.com,john.doe@email.com,kim.baker@email.com
alice.smith@email.com,eve.miller@email.com
bob.smith@email.com,john.doe@email.com
alice.smith@email.com,eve.miller@email.com,kim.baker@email.com
bob.smith@email.com,eve.miller@email.com,john.doe@email.com
alice.smith@email.com,kim.baker@email.com
eve.miller@email.com,john.doe@email.com
alice.smith@email.com,bob.smith@email.com,kim.baker@email.com
alice.smith@email.com,eve.miller@email.com,john.doe@email.com
bob.smith@email.com,kim.baker@email.com
alice.smith@email.com,john.doe@email.com
bob.smith@email.com,eve.miller@email.com,kim.baker@email.com
alice.smith@email.com,bob.smith@email.com,john.doe@email.com
eve.miller@email.com,kim.baker@email.com
eve.miller@email.com,john.doe@email.com,kim.baker@email.com
alice.smith@email.com,bob.smith@email.com
Bob Smith,Kim Baker,Alice Smith
John Doe,Eve Miller
John Doe,Eve Miller,Alice Smith,Kim Baker,Bob Smith
Kim Baker,Eve Miller
Bob Smith,Alice Smith,John Doe
John Doe,Bob Smith
Kim Baker,Alice Smith,Eve Miller
Bob Smith,Eve Miller,John Doe,Alice Smith,Kim Baker
Kim Baker,Bob Smith,Alice Smith,Eve Miller,John Doe
Kim Baker,Bob Smith,Alice Smith,John Doe,Eve Miller
Kim Baker,John Doe,Alice Smith
Bob Smith,Eve Miller
Bob Smith,Kim Baker,Eve Miller,Alice Smith,John Doe
John Doe,Alice Smith,Kim Baker
Eve Miller,Bob Smith
John Doe,Kim Baker
Eve Miller,Alice Smith,Bob Smith
Bob Smith,Alice Smith
Kim Baker,John Doe,Eve Miller
Eve Miller,Alice Smith,John Doe,Kim Baker,Bob Smith
Eve Miller,John Doe,Kim Baker
Alice Smith,Bob Smith
Eve Miller,John Doe,Bob Smith,Kim Baker,Alice Smith
Kim Baker,Eve Miller,Alice Smith,Bob Smith,John Doe
John Doe,Alice Smith
Kim Baker,Eve Miller,Bob Smith
Eve Miller,Alice Smith,John Doe
Kim Baker,Bob Smith
Bob Smith,Eve Miller,John Doe
Kim Baker,Alice Smith
John Doe,Eve Miller,Bob Smith
Alice Smith,Kim Baker
John Doe,Eve Miller,Bob Smith,Alice Smith,Kim Baker
Bob Smith,Eve Miller,Kim Baker
Alice Smith,John Doe
Alice Smith,Eve Miller
Kim Baker,John Doe,Bob Smith
John Doe,Eve Miller,Alice Smith,Bob Smith,Kim Baker
Kim Baker,Bob Smith,Alice Smith
Eve Miller,John Doe
Kim Baker,Bob Smith,Alice Smith
Eve Miller,John Doe
Eve Miller,Kim Baker
Alice Smith,John Doe,Bob Smith
Eve Miller,Kim Baker
Alice Smith,John Doe,Bob Smith
Alice Smith,Kim Baker,John Doe,Bob Smith,Eve Miller
Alice Smith,Kim Baker,John Doe,Bob Smith,Eve Miller
Wolfgang Goethe,Julio Jones
Your name:,Alice Smith
John Doe,Eve Miller,Kim Baker
Bob Smith,John Wick
Usain Bolt,Peter Griffin
John Wick,Bob Smith,Eve Miller,Peter Griffin,Alice Smith
Julio Jones,Usain Bolt,Your name:,John Doe,Kim Baker,Wolfgang Goethe
Your name:,Wolfgang Goethe
John Wick,Alice Smith
Bob Smith,Julio Jones
Peter Griffin,Usain Bolt
Eve Miller,Kim Baker,John Doe
Kim Baker,Alice Smith,Julio Jones
John Wick,Peter Griffin,Your name:
Eve Miller,Usain Bolt,Bob Smith
Wolfgang Goethe,John Doe
Your name:,Peter Griffin,John Wick,Eve Miller,Bob Smith,Kim Baker,Alice Smith,Wolfgang Goethe,Usain Bolt,Julio Jones,John Doe
Your name:,Peter Griffin,John Wick,Eve Miller,Bob Smith,Kim Baker,Alice Smith,Wolfgang Goethe,Usain Bolt,Julio Jones,John Doe
Kim Baker,Bob Smith,Eve Miller,Alice Smith,John Doe
Kim Baker,Bob Smith,Eve Miller,Alice Smith,John Doe
Bob Smith,Alice Smith,Usain Bolt,Julio Jones,Kim Baker,Peter Griffin
John Wick,Your name:,Wolfgang Goethe,Eve Miller,John Doe
Bob Smith,Alice Smith,Usain Bolt,Julio Jones,Kim Baker,Peter Griffin
John Wick,Your name:,Wolfgang Goethe,Eve Miller,John Doe
John Wick,Wolfgang Goethe
Julio Jones,Usain Bolt,Your name:
Eve Miller,Kim Baker,Bob Smith
Alice Smith,Peter Griffin,John Doe
John Wick,Wolfgang Goethe
Julio Jones,Usain Bolt,Your name:
Eve Miller,Kim Baker,Bob Smith
Alice Smith,Peter Griffin,John Doe
Peter Griffin,John Wick,Wolfgang Goethe
John Doe,Julio Jones,Your name:
Usain Bolt,Eve Miller
Bob Smith,Alice Smith,Kim Baker
Peter Griffin,John Wick,Wolfgang Goethe
John Doe,Julio Jones,Your name:
Usain Bolt,Eve Miller
Bob Smith,Alice Smith,Kim Baker
John Wick,Usain Bolt,Your name:,John Doe,Peter Griffin,Julio Jones,Kim Baker,Wolfgang Goethe,Bob Smith,Eve Miller,Alice Smith
John Wick,Usain Bolt,Your name:,John Doe,Peter Griffin,Julio Jones,Kim Baker,Wolfgang Goethe,Bob Smith,Eve Miller,Alice Smith
Wolfgang Goethe,Julio Jones,Eve Miller,Your name:,Usain Bolt,Alice Smith,Peter Griffin,John Wick,John Doe,Kim Baker,Bob Smith
Wolfgang Goethe,Julio Jones,Eve Miller,Your name:,Usain Bolt,Alice Smith,Peter Griffin,John Wick,John Doe,Kim Baker,Bob Smith
Julio Jones,Kim Baker,Usain Bolt,Bob Smith,Alice Smith,Eve Miller,John Doe,Your name:,Wolfgang Goethe,Peter Griffin,John Wick
Julio Jones,Kim Baker,Usain Bolt,Bob Smith,Alice Smith,Eve Miller,John Doe,Your name:,Wolfgang Goethe,Peter Griffin,John Wick
John Wick,Alice Smith,Kim Baker
John Doe,Wolfgang Goethe
Julio Jones,Usain Bolt
Peter Griffin,Eve Miller
Bob Smith,Your name:
John Wick,Alice Smith,Kim Baker
John Doe,Wolfgang Goethe
Julio Jones,Usain Bolt
Peter Griffin,Eve Miller
Bob Smith,Your name:
John Wick,Wolfgang Goethe,Eve Miller,Usain Bolt,John Doe,Bob Smith
Kim Baker,Alice Smith,Julio Jones,Your name:,Peter Griffin
John Wick,Wolfgang Goethe,Eve Miller,Usain Bolt,John Doe,Bob Smith
Kim Baker,Alice Smith,Julio Jones,Your name:,Peter Griffin
Your name:,Eve Miller,Bob Smith
Julio Jones,John Wick,Alice Smith
John Doe,Kim Baker,Usain Bolt
Peter Griffin,Wolfgang Goethe
Your name:,Eve Miller,Bob Smith
Julio Jones,John Wick,Alice Smith
John Doe,Kim Baker,Usain Bolt
Peter Griffin,Wolfgang Goethe
Wolfgang Goethe,Julio Jones,Kim Baker
Alice Smith,John Wick
Usain Bolt,Bob Smith,Peter Griffin
Your name:,Eve Miller,John Doe
Wolfgang Goethe,Julio Jones,Kim Baker
Alice Smith,John Wick
Usain Bolt,Bob Smith,Peter Griffin
Your name:,Eve Miller,John Doe
Usain Bolt,Peter Griffin,Wolfgang Goethe,John Doe,Kim Baker
John Wick,Your name:,Bob Smith,Alice Smith,Julio Jones,Eve Miller
Usain Bolt,Peter Griffin,Wolfgang Goethe,John Doe,Kim Baker
John Wick,Your name:,Bob Smith,Alice Smith,Julio Jones,Eve Miller
Kim Baker,Julio Jones
Your name:,John Doe
Alice Smith,Peter Griffin,Wolfgang Goethe
Usain Bolt,Bob Smith
Eve Miller,John Wick
Kim Baker,Julio Jones
Your name:,John Doe
Alice Smith,Peter Griffin,Wolfgang Goethe
Usain Bolt,Bob Smith
Eve Miller,John Wick
John Wick,Usain Bolt
Julio Jones,Kim Baker,Wolfgang Goethe
John Doe,Your name:,Bob Smith
Alice Smith,Eve Miller,Peter Griffin
John Wick,Usain Bolt
Julio Jones,Kim Baker,Wolfgang Goethe
John Doe,Your name:,Bob Smith
Alice Smith,Eve Miller,Peter Griffin
Eve Miller,Julio Jones,Peter Griffin,Your name:
Bob Smith,Wolfgang Goethe,Usain Bolt,John Doe
Kim Baker,Alice Smith,John Wick
